0;0;1.0
0;891;-0.0006888
1;1;1.0
1;274;-0.0057
1;459;-0.0494702284212706
2;2;1.0
2;619;-0.9892787524366471
3;3;1.0
3;502;-1.09529e-07
4;4;1.0
4;423;-700.0
5;5;1.0
6;6;1.0
7;7;1.0
7;97;-34.4
8;8;1.0
8;544;4400000.0
9;9;1.0
9;336;-0.2555
10;10;1.0
11;11;1.0
11;679;-0.81
12;12;1.0
12;143;-0.025005566688933424
13;13;1.0
14;14;1.0
15;15;1.0
15;22;-0.003
16;16;1.0
16;260;-0.07284118419824046
17;17;1.0
17;380;-1.85909090909091e-05
17;744;-8.98082386363633e-06
18;18;1.0
19;19;1.0
20;20;1.0
20;44;-1.23e-05
20;273;-0.07748016
20;298;-0.08789452656811826
20;407;-0.1
20;431;-0.00013163
20;600;-0.00018896
20;684;-0.19081632653061226
21;21;1.0
21;445;-2.2084524
22;22;1.0
22;394;-0.1
23;23;1.0
23;157;-0.25
23;428;-0.25
23;460;-0.46
24;24;1.0
25;25;1.0
25;123;-0.00256785793715849
25;644;-0.0134747041131238
25;861;-0.00215716032667506
26;26;1.0
27;27;1.0
28;28;1.0
28;344;-0.00381017763666009
28;955;-0.00680655360735842
29;29;1.0
29;389;-0.0069264
30;30;1.0
31;31;1.0
31;357;-1320.0
31;470;-0.091324
31;574;-400.0
31;934;-1000.0
32;32;1.0
32;899;-0.22
33;33;1.0
33;460;-15.0
34;19;-0.06461538461538462
34;34;1.0
35;35;1.0
36;36;1.0
36;591;-0.12916952642415921
37;37;1.0
38;38;1.0
39;39;1.0
39;702;-2.969221894193898e-06
40;40;1.0
41;41;1.0
41;832;-0.0269306843047564
41;884;-0.0982595159253158
42;42;1.0
43;43;1.0
43;151;-0.13
43;274;-0.0019
43;464;-0.042
43;583;-0.08
43;816;-0.044
43;870;-0.029
44;44;1.0
44;115;-29.2388
45;45;1.0
45;644;-0.00249703578510852
45;921;-0.00354595307988148
46;46;1.0
47;16;-1.0
47;47;1.0
47;638;-0.4770531400966183
48;48;1.0
49;49;1.0
49;273;-0.026784000000000002
50;50;1.0
51;40;-57500.0
51;51;1.0
51;58;-9.659999999999999e-08
51;232;-9.659999999999999e-08
51;270;-9.659999999999999e-08
51;275;-9.659999999999999e-08
51;303;-9.659999999999999e-08
51;409;-9.659999999999999e-08
51;818;-9.659999999999999e-08
51;917;-9.659999999999999e-08
52;52;1.0
52;410;-0.12
53;53;1.0
54;54;1.0
54;501;-0.02769189189189189
55;55;1.0
56;56;1.0
56;250;-1.02
57;57;1.0
57;123;-0.232543924271775
57;644;-0.0202994118315156
57;861;-0.0108739088105711
57;921;-0.0148954208246597
58;58;1.0
58;795;-122.4
59;59;1.0
59;140;-0.97946
60;60;1.0
61;61;1.0
61;544;-4400000.0
62;62;1.0
62;460;-0.019
63;63;1.0
63;893;-0.00051188
64;64;1.0
65;65;1.0
66;66;1.0
66;568;-80.0
66;680;-4800.0
66;821;-11.0
67;67;1.0
67;802;-1.8535
68;68;1.0
68;967;-1.6409943571755374
69;69;1.0
70;70;1.0
70;459;-0.000598
70;461;-0.0050017979144192735
71;71;1.0
71;376;-0.89
72;72;1.0
72;123;-0.00305308259101963
72;861;-0.000517184165671171
73;73;1.0
73;123;-0.0217927815515292
73;644;-0.00413344598730038
73;861;-15.9187731354229
73;921;-3.53154920467617
74;74;1.0
74;271;-0.752
75;75;1.0
75;274;-0.021
76;76;1.0
77;77;1.0
77;871;-2.2916666666666665
78;78;1.0
79;79;1.0
80;80;1.0
80;410;-0.3
81;41;-0.190386915796322
81;81;1.0
81;344;-0.0170728567750794
81;720;-0.0131280617847037
81;730;-0.220408163265306
81;739;-0.19576933659184
81;842;-0.164528337816286
81;955;-0.0190619909935805
82;82;1.0
82;912;-1.00057
83;83;1.0
83;731;-1.0
84;58;-3.02e-06
84;84;1.0
84;232;-3.02e-06
84;270;-3.02e-06
84;275;-3.02e-06
84;303;-3.02e-06
84;409;-3.02e-06
84;818;-3.02e-06
84;876;-0.57
84;917;-3.02e-06
85;85;1.0
85;395;-0.012598425196850395
86;86;1.0
87;69;-0.3725
87;87;1.0
88;88;1.0
88;689;-0.4
89;89;1.0
89;459;-0.07349
90;90;1.0
90;410;-0.0006
91;91;1.0
91;204;-1.0
91;237;-0.3
91;459;-0.7356
91;568;-50.0
91;821;-1.0
91;891;-0.01304
91;927;-0.1571
91;962;-0.15
92;92;1.0
93;93;1.0
94;56;-10.68991
94;94;1.0
94;232;-0.06931778213579072
94;270;-0.05124742496104852
94;409;-0.051343058496715124
94;818;-0.06953552895201975
94;827;-19.58557
94;834;-10.6899
94;885;-19.58557
95;95;1.0
95;140;-0.97946
96;96;1.0
96;644;-0.00171401939901084
97;97;1.0
97;493;-0.2405002405002405
98;98;1.0
98;270;-4.765098213822029e-08
98;275;-5.1130014178929046e-08
98;409;-4.6723903241196954e-08
98;917;-5.285741490950388e-08
99;99;1.0
99;376;-0.11
99;977;-0.11
100;58;-1.6910012049805864e-06
100;100;1.0
100;232;-1.6910012049805864e-06
100;270;-1.6910012049805864e-06
100;275;-1.6910012049805864e-06
100;303;-1.6910012049805864e-06
100;409;-1.6910012049805864e-06
100;459;-0.00104787516429282
100;679;-0.19
100;818;-1.6910012049805864e-06
100;917;-1.691001204980586e-06
101;101;1.0
101;359;-0.3
102;102;1.0
103;103;1.0
103;260;-1.0
104;104;1.0
105;105;1.0
105;346;-0.000518
106;106;1.0
106;459;-0.007063142455494861
106;638;-0.252415458937198
106;816;-0.032
107;107;1.0
107;346;-0.000773
108;108;1.0
108;459;-0.0006299884455209173
109;109;1.0
109;544;-270000.0
110;110;1.0
111;111;1.0
111;493;-0.0001503126503126503
111;810;-0.075
111;862;-0.00015
112;112;1.0
113;113;1.0
114;114;1.0
114;962;-0.000695
115;115;1.0
115;640;-1.00057
116;65;-0.01798582820935241
116;116;1.0
117;117;1.0
118;118;1.0
119;39;-23.19371210332438
119;119;1.0
119;249;-60.0
119;357;-220.0
119;810;-15.0
120;120;1.0
121;121;1.0
122;79;-2.3377536e-08
122;122;1.0
123;123;1.0
124;115;-0.0062926399999999995
124;124;1.0
124;293;-0.0022696960000000003
124;445;-0.007552716000000001
124;455;-0.07823
124;459;-0.00146
125;125;1.0
125;591;-0.05600549073438572
126;126;1.0
126;270;-9.529970089439819e-08
126;275;-1.0225759972468566e-07
126;409;-9.344558713582851e-08
126;917;-1.057123191357365e-07
127;127;1.0
127;702;-1.693057110862262e-07
128;128;1.0
129;58;-0.03267107461838828
129;129;1.0
129;275;-0.03265979865774224
129;409;-0.03210538213467175
129;818;-0.03267116725616355
130;130;1.0
131;131;1.0
132;68;-0.2631970260223048
132;132;1.0
133;133;1.0
134;134;1.0
134;641;-0.75
135;135;1.0
135;459;0.0022011500000000002
135;807;0.005646979865771813
135;891;1.984e-05
135;980;0.020491803278688527
136;136;1.0
136;459;-0.002377
137;137;1.0
138;138;1.0
139;139;1.0
139;644;-0.00640857232067048
140;21;-55.303
140;140;1.0
141;141;1.0
141;574;-3600.0
142;142;1.0
142;521;-0.017192469698272154
142;660;-0.9
142;714;-0.96
143;143;1.0
143;267;-1.6230574629562702
144;144;1.0
144;389;-9.339599999999999
145;145;1.0
146;146;1.0
146;455;-0.6675
147;147;1.0
148;123;-0.000640342885946522
148;148;1.0
148;861;-0.000494415776941585
149;149;1.0
149;298;-1.1106671993607669
150;150;1.0
151;151;1.0
151;833;-0.087
152;152;1.0
152;389;-0.16752
153;153;1.0
154;123;-45.1462700500727
154;154;1.0
154;644;-5.24902488764079
154;861;-2.19478675958184
154;921;-2.99052117217708
155;155;1.0
155;410;-4.78e-07
156;156;1.0
156;714;-0.02
157;157;1.0
157;221;-0.94
157;977;-0.89
158;158;1.0
158;704;-1.0246
159;159;1.0
159;810;-0.4833333333333334
160;160;1.0
160;455;-4.80849640408095e-06
161;161;1.0
161;382;-5210.0
162;162;1.0
163;163;1.0
164;164;1.0
164;810;-5.0
165;41;-0.0196745738050101
165;165;1.0
165;344;-0.00906204410881319
165;730;-0.0212585034013606
165;739;-0.0161846343081878
165;842;-0.00714098688438742
165;955;-0.0161885599310147
166;166;1.0
166;410;-0.0012
167;167;1.0
167;544;-2000.0
168;168;1.0
168;232;-2.3642079843686714e-06
168;270;-1.7424124486756497e-06
168;409;-1.7456639888883143e-06
168;818;-2.3642079843686714e-06
169;169;1.0
169;455;-0.002780933062880325
170;170;1.0
171;171;1.0
171;382;-250.0
172;15;-1.0
172;151;-0.49
172;172;1.0
172;240;-1.0
172;246;-1.0
172;274;-0.85
172;382;-26600.0
172;464;-0.96
172;816;-0.0014
172;892;-1.0
172;900;-1.0
173;173;1.0
173;904;-1.02
174;174;1.0
174;414;-2.8615461179087874e-07
174;834;-2.8615461179087874e-07
175;32;-1.5e-10
175;88;-1e-10
175;99;-1.5e-10
175;175;1.0
175;257;-1.5e-10
175;299;-1.1e-10
175;583;-7.7e-11
175;625;-1.4e-10
175;647;-1.5e-10
176;176;1.0
177;177;1.0
177;260;-1.0
178;178;1.0
178;271;-0.00504
179;179;1.0
179;410;-0.006
180;41;-0.00160347776510832
180;123;-0.00147914315885953
180;180;1.0
180;720;-0.00160347776510832
180;739;-0.0016629711751663
180;744;-0.00159801136363636
180;861;-0.00113594393857479
181;94;-0.00152
181;181;1.0
181;793;-0.001
182;182;1.0
182;260;-1.0
183;183;1.0
184;123;-0.00195612901423388
184;184;1.0
184;644;-0.00277743618252939
184;861;-0.00153491628692993
185;15;-1.0
185;39;-114.4223130430669
185;83;-57.0
185;131;-0.5
185;151;-0.49
185;171;-0.9
185;185;1.0
185;237;-0.6
185;240;-1.0
185;246;-1.0
185;274;-0.85
185;382;-26600.0
185;410;-210.0
185;449;-145.0
185;464;-0.96
185;468;-0.3317
185;544;-270000.0
185;697;-0.3298
185;779;-1.0
185;816;-0.0014
185;862;-0.9698499999507729
185;871;-16000.0
185;892;-1.0
185;900;-1.0
185;962;-0.3
185;968;-4760.0
185;980;-0.5027
186;186;1.0
186;270;-3.573653906713343e-08
186;275;-3.834568915931747e-08
186;409;-3.504126292097367e-08
186;917;-3.964117816967447e-08
187;187;1.0
188;40;-1800000.0
188;188;1.0
189;189;1.0
189;346;-0.00182
190;190;1.0
190;574;-7.0
191;177;-0.1428571428571428
191;191;1.0
192;123;-0.00147861408493295
192;192;1.0
192;861;-0.000687127661724979
193;193;1.0
194;68;-0.010529739776951673
194;132;-0.05
194;194;1.0
195;195;1.0
195;938;-0.04
196;44;-0.0008910000000000001
196;67;-0.0001246
196;196;1.0
196;401;-0.000234
196;431;-0.0008964999999999999
196;543;-0.00024362
196;600;-0.0007239
196;802;-8.93e-05
197;197;1.0
198;198;1.0
199;26;-0.000584
199;199;1.0
199;213;-0.000584
199;332;-0.000584
199;573;-0.000584
199;595;-0.000584
199;640;-0.000584
199;761;-0.000584
199;873;-0.000584
199;906;-0.000584
199;912;-0.000584
199;944;-0.000584
200;200;1.0
200;346;-0.000555
201;201;1.0
201;410;-6300.0
202;202;1.0
203;203;1.0
204;204;1.0
205;22;-0.2
205;26;-0.0336
205;101;-0.2
205;115;-0.38056
205;158;-0.0199
205;205;1.0
205;213;-0.0336
205;273;-0.37944000000000006
205;293;-0.08008
205;332;-0.0336
205;389;-1.1397599999999999
205;410;-487.0
205;544;-55100.0
205;573;-0.0336
205;595;-0.0336
205;640;-0.0336
205;647;-0.2
205;652;-0.37944000000000006
205;689;-0.2
205;761;-0.0336
205;853;-0.27336000000000005
205;855;-0.37944000000000006
205;873;-0.0336
205;893;-0.38056
205;906;-0.0336
205;912;-0.0336
205;915;-0.23315999999999998
205;944;-0.0336
205;945;-0.22
206;206;1.0
207;207;1.0
207;429;-0.5
207;489;-0.5
208;19;-0.1276923076923077
208;208;1.0
209;101;-0.00041
209;209;1.0
210;210;1.0
211;211;1.0
211;493;-8.011405597447662e-06
211;515;-0.008121642538468542
212;209;-1.0
212;212;1.0
213;213;1.0
214;19;-0.2569230769230769
214;214;1.0
214;533;-0.2518967587034814
215;215;1.0
216;65;-0.001287976710850761
216;216;1.0
217;217;1.0
218;218;1.0
218;509;-0.035
218;521;-0.01167177665071587
218;660;-0.035
218;714;-0.02
219;219;1.0
220;220;1.0
220;816;-0.45
221;221;1.0
222;222;1.0
222;271;-0.0273
223;223;1.0
224;224;1.0
224;382;-64.0
225;79;-1.02
225;225;1.0
226;226;1.0
227;227;1.0
228;71;-0.02
228;214;-0.02
228;221;-0.02
228;228;1.0
228;325;-0.05
228;509;-0.05
228;521;-0.017192469698272154
228;660;-0.05
228;810;-0.008333333333333333
229;157;-0.95
229;229;1.0
230;230;1.0
230;652;-37.223436
231;26;7.5e-05
231;213;7.5e-05
231;231;1.0
231;332;7.5e-05
231;573;7.5e-05
231;595;7.5e-05
231;640;7.5e-05
231;761;7.5e-05
231;873;7.5e-05
231;906;7.5e-05
231;912;7.5e-05
231;944;7.5e-05
232;232;1.0
232;950;-122.4
233;233;1.0
233;544;-2000.0
234;173;-0.06626062512549359
234;234;1.0
234;414;-15.777
234;419;-15.90552
234;721;-0.08325134337394989
234;834;-15.77786
234;885;-15.92628
235;235;1.0
236;44;-0.0026
236;236;1.0
236;431;-0.00405
236;543;-0.00108
236;600;-0.0013
237;237;1.0
238;238;1.0
239;41;-0.0192496030108219
239;239;1.0
239;344;-0.042744786750193
239;720;-0.0328683247814519
239;730;-0.0259991496598639
239;739;-0.0197938077589137
239;842;-0.0232891385589489
239;955;-0.0477249209542971
240;240;1.0
240;833;-0.35
241;79;-8.48e-08
241;241;1.0
241;904;-8.48e-08
242;242;1.0
243;44;-0.0002
243;67;-0.00058
243;243;1.0
243;431;-0.00056
243;543;-0.00026
243;600;-0.0003
244;244;1.0
244;938;-1.97
245;245;1.0
245;273;-1.11972
245;293;-1.19262
245;501;-0.1892
245;853;-1.11756
245;893;-1.11756
245;915;-8.819075999999999
246;101;-0.79
246;246;1.0
247;41;-2.69494442151506
247;123;-0.00828384435315468
247;247;1.0
247;344;-3.41958294001544
247;644;-0.0138828142427247
247;720;-1.97209948688712
247;730;-3.11989795918367
247;739;-2.77113308624793
247;842;-2.32891385589489
247;861;-0.00179841080721048
247;921;-0.00281362942100529
247;955;-3.81799367634376
248;97;-0.0172
248;248;1.0
248;346;-0.000773
249;127;-1.0
249;249;1.0
250;250;1.0
251;251;1.0
251;455;-0.008372
252;252;1.0
252;938;-2.96
253;253;1.0
254;254;1.0
254;410;-0.06
255;255;1.0
255;893;-0.0023852
256;19;-0.25846153846153846
256;256;1.0
257;257;1.0
257;945;-0.038
258;258;1.0
258;273;-0.11309544
258;445;-0.05970600000000001
258;652;-0.09552216000000001
258;855;-0.09528408000000001
259;79;-0.041393706
259;259;1.0
260;69;-1.125
260;260;1.0
261;261;1.0
261;755;-0.005560000000000001
262;82;-0.0010754991304347825
262;123;-1.7696815784961
262;262;1.0
262;644;-0.307008683680048
262;861;-0.114706878268446
262;882;-0.0005628517823639775
262;921;-0.16792951392205
262;990;-0.0010754991304347825
263;26;6.27e-06
263;213;6.27e-06
263;263;1.0
263;332;6.27e-06
263;573;6.27e-06
263;595;6.27e-06
263;640;6.27e-06
263;761;6.27e-06
263;873;6.27e-06
263;906;6.27e-06
263;912;6.27e-06
263;944;6.27e-06
264;177;-0.2857142857142857
264;264;1.0
265;265;1.0
265;556;-80000.0
266;266;1.0
266;470;-0.18493
266;574;-405.0
266;934;-1500.0
267;267;1.0
267;435;-1.001085383502171
268;65;-0.002866503294966477
268;268;1.0
269;182;-0.009018759018759018
269;269;1.0
269;493;-1.077767569163363e-05
269;515;-0.01092597650915051
270;270;1.0
270;971;-122.4
271;271;1.0
271;521;-0.05611431082074939
271;660;-0.015
272;271;-0.251
272;272;1.0
273;273;1.0
273;761;-1.00057
274;22;-0.48
274;274;1.0
275;275;1.0
275;666;-120.0
276;276;1.0
276;644;-0.00141700848828484
277;123;-0.157092350103479
277;277;1.0
277;644;-0.055398762787398
277;861;-0.12523145536307
277;921;-0.00622539004691176
278;278;1.0
279;279;1.0
279;915;-0.13935999999999998
280;123;-0.0114641440668571
280;280;1.0
280;644;-0.0016612974261811
280;861;-0.000604191036802619
281;281;1.0
282;44;-0.0004
282;282;1.0
283;283;1.0
284;15;-4.6e-10
284;151;-2.2e-10
284;240;-4.6e-10
284;246;-4.6e-10
284;284;1.0
284;464;-4.4e-10
284;495;-4.6e-10
284;599;-4.6e-10
284;727;-3.8e-10
284;892;-4.6e-10
284;900;-4.6e-10
284;965;-4.4e-10
285;270;-2.3824359378088957e-10
285;275;-2.5563792772878314e-10
285;285;1.0
285;409;-2.3360841947315784e-10
285;917;-2.642745211311632e-10
286;123;-0.0261283676348811
286;286;1.0
286;644;-0.00661657608854424
286;861;-0.00299236352750271
286;921;-0.0303506736402275
287;287;1.0
288;288;1.0
288;403;-0.031548946716232956
289;56;-15.77786
289;58;-0.06282513130300131
289;132;-0.764830508474576
289;143;-0.1460031173458027
289;149;-0.10241007194244606
289;232;-0.06282106566803534
289;270;-0.06282034128538083
289;275;-0.06282011295918416
289;289;1.0
289;303;-0.06282119837903925
289;318;-0.00039963461977620464
289;409;-0.06281291549926048
289;455;-0.1369
289;458;-15.90552
289;459;-1.92
289;619;-0.0002441520467836257
289;691;-8.815920398009952e-05
289;694;-15.77765
289;702;-12.31802911534155
289;768;-0.996
289;818;-0.06282530944162892
289;827;-15.92628
289;917;-0.06282011295918416
290;44;-4.44e-05
290;65;-9.518493843389662e-05
290;67;-2.981e-05
290;270;-2.3824359378088956e-08
290;275;-2.5563792772878316e-08
290;290;1.0
290;401;-3.03e-08
290;409;-2.336084194731578e-08
290;431;-1.2e-07
290;543;-3e-08
290;600;-1e-07
290;802;-9.959999999999999e-07
290;893;-2.6263999999999998e-05
290;917;-2.642745211311632e-08
291;19;-5.007692307692308
291;97;-6.54e-06
291;117;-380.0
291;291;1.0
291;533;-5.007692307692308
291;591;-4.468085106382978
291;961;-380.0
292;292;1.0
292;691;-0.020019900497512438
293;26;-1.00057
293;293;1.0
294;294;1.0
295;295;1.0
295;431;-0.00015271
295;600;-0.00021921
296;296;1.0
297;297;1.0
297;346;-0.0177
298;298;1.0
298;481;-1.9992012779552717
299;299;1.0
299;689;-0.48
300;173;-0.0011043437520915599
300;300;1.0
300;721;-0.001345476256548685
301;44;-0.0013
301;67;-0.00032
301;140;-0.0001751
301;301;1.0
301;431;-0.00184
301;543;-0.00035
301;600;-0.0011
302;302;1.0
302;502;-1.09529e-07
303;37;-122.4
303;303;1.0
304;123;-0.247542730884833
304;304;1.0
304;644;-0.044366261423702
304;861;-0.0173753936335754
304;921;-0.0231092268615785
305;305;1.0
306;306;1.0
306;891;-5.26e-06
306;980;-8.105646630236795e-05
307;173;-8.968609865470851e-06
307;307;1.0
307;721;-9.132420091324201e-06
308;308;1.0
308;938;-0.27
309;173;-0.02816076567833478
309;309;1.0
309;721;-0.0353818209339287
310;310;1.0
310;389;-0.0103752
311;182;-0.003006253006253007
311;311;1.0
311;493;-0.0002254689754689755
312;312;1.0
313;313;1.0
313;389;-0.50532
314;273;-0.013392000000000001
314;314;1.0
314;459;-0.001194
314;768;-0.008100000000000001
315;88;-2.6e-10
315;151;-3.8e-10
315;209;-7.4e-10
315;299;-2.2e-10
315;315;1.0
315;378;-7.4e-10
315;464;-3.1e-11
315;583;-3.5e-10
315;615;-7.4e-10
315;625;-6.7e-11
315;641;-7.4e-10
315;727;-1.3e-10
315;854;-7.4e-10
315;965;-2.3e-11
315;969;-7.4e-10
316;316;1.0
317;123;-0.000608250168842781
317;317;1.0
317;861;-0.000469432075716452
318;143;-0.9750612335782676
318;318;1.0
319;319;1.0
320;26;-2.6e-10
320;213;-2.6e-10
320;320;1.0
320;332;-2.6e-10
320;573;-2.6e-10
320;595;-2.6e-10
320;640;-2.6e-10
320;761;-2.6e-10
320;873;-2.6e-10
320;906;-2.6e-10
320;912;-2.6e-10
320;944;-2.6e-10
321;321;1.0
321;459;-0.0013302609756724038
322;322;1.0
322;810;-53.23375
323;2;-0.1477832512315271
323;26;-0.0067
323;37;-3.2
323;38;-3.2
323;56;-2.871255614620274
323;68;-0.049433085501858744
323;82;-0.08724206185567011
323;104;-3.2
323;131;-1.93
323;132;-2.5
323;143;-0.03582720997550657
323;149;-0.04676258992805756
323;171;-0.45
323;204;-6.25
323;210;-3.2
323;213;-0.0067
323;237;-2.277
323;250;-3.2
323;267;-0.06364293458619444
323;294;-3.2
323;298;-7.518977227327207
323;318;-0.41950216944507884
323;323;1.0
323;330;-3.2
323;332;-0.0067
323;336;-2.32
323;358;-3.2
323;395;-0.022910670648927507
323;403;-0.11285006195786863
323;407;-0.23
323;414;-1.8926840673253715
323;419;-1.3688320452015703
323;435;-0.1270260492040521
323;455;-1.33
323;458;-1.3688320452015703
323;459;-2.829
323;461;-0.02581085940309241
323;470;-0.45662
323;481;-3.3274760383386583
323;530;-3.2
323;573;-0.0067
323;595;-0.0067
323;619;-0.021695906432748536
323;640;-0.0067
323;645;-0.52
323;670;-0.17658064516129032
323;684;-0.026205936920222633
323;691;-0.21064676616915426
323;694;-1.8926840673253715
323;702;-58.0
323;740;-3.2
323;755;-0.005560000000000001
323;761;-0.0067
323;764;-3.2
323;765;-8.059
323;793;-0.578
323;795;-3.2
323;807;-0.10080536912751678
323;827;-3.1408194342333
323;834;-2.871255614620274
323;839;-0.04368131868131868
323;857;-0.10815126050420168
323;862;-0.4598
323;873;-0.0067
323;885;-3.1408194342333
323;891;-0.595374
323;898;-3.2
323;906;-0.0067
323;912;-0.0067
323;944;-0.0067
323;950;-3.2
323;962;-0.645
323;967;-0.021686746987951804
323;971;-3.2
323;979;-0.11183027687882056
323;980;-0.4239
323;983;-0.4534
323;985;-3.2
323;990;-0.08724206185567011
324;324;1.0
324;346;-0.000909
325;325;1.0
325;591;-0.3891557995881949
326;326;1.0
326;445;-0.06696
327;115;-5.87992
327;132;-49.71610169491525
327;158;-0.02826
327;230;-0.00403
327;293;-6.24624
327;327;1.0
327;445;-2.67282
327;501;-0.004
327;652;-12.28716
327;704;-0.004
327;853;-1.99392
327;855;-1.2276000000000002
327;881;-0.2806
328;328;1.0
328;459;-0.188
328;468;-0.155
328;568;-80.0
328;680;-4800.0
328;697;-0.1705
328;821;-11.0
328;891;-0.021846
328;962;-0.01
329;270;-1.6677504241070746e-07
329;275;-1.7895140667649304e-07
329;329;1.0
329;409;-1.6353033232434125e-07
329;917;-1.849971861583567e-07
330;330;1.0
331;331;1.0
332;332;1.0
333;333;1.0
333;346;-0.000227
334;334;1.0
335;335;1.0
336;336;1.0
337;337;1.0
338;18;-1.0
338;338;1.0
338;752;-1.0
339;270;-7.147534151630925e-12
339;275;-7.669380695180736e-12
339;339;1.0
339;409;-7.008474518851273e-12
339;917;-7.92848670226202e-12
340;123;-7.02038220839227e-06
340;340;1.0
340;861;-0.000623529044011057
341;341;1.0
341;891;-0.0016534
341;980;-0.182
342;274;-1.7e-05
342;342;1.0
343;343;1.0
343;410;-42.2
344;331;-0.234346199890742
344;344;1.0
344;832;-0.170117270327586
345;345;1.0
345;529;0.76
346;346;1.0
347;65;-0.5843558594445183
347;123;-0.0136909761396828
347;181;-0.00026
347;347;1.0
347;644;-0.0105195186936715
347;861;-0.00470890944461147
347;921;-0.0121994752581018
348;348;1.0
348;407;-0.12000000000000001
348;418;-7752.0
348;568;-400.0
348;670;-0.11388172043010752
348;821;-73.0
348;857;-0.08941176470588236
348;901;-0.875
348;980;-0.164
349;349;1.0
349;793;0.003
350;140;-9.7173e-10
350;350;1.0
351;351;1.0
352;65;-0.0001364426423488863
352;123;-0.00193614834770559
352;352;1.0
352;861;-0.00125163285904052
353;123;-0.029230581652662
353;353;1.0
353;644;-0.00480090687595465
353;861;-0.00193165614277739
353;921;-0.00241061645721254
354;354;1.0
355;355;1.0
355;793;-5.4
356;356;1.0
357;357;1.0
357;791;-0.09476
358;358;1.0
359;359;1.0
359;394;-0.8
360;360;1.0
360;459;-0.00115
361;361;1.0
362;36;-1.0
362;208;-1.0
362;362;1.0
362;434;-1.0
362;459;-0.188
362;495;-1.0
362;599;-1.0
363;363;1.0
363;529;-0.3802
364;123;-0.0169705581939628
364;364;1.0
364;380;-0.0159208680049927
364;744;-0.0136265611646145
364;861;-0.0130467681272361
365;365;1.0
365;382;-1180.0
365;727;-0.57
365;816;-0.27
365;965;-0.97
366;123;-0.00998966547630934
366;366;1.0
366;644;-0.275730214195585
366;861;-0.001458967130662
366;921;-0.00119437116204934
367;41;-4.07402128468263e-05
367;344;-5.48185341789994e-05
367;367;1.0
367;380;-6.02617079889806e-05
367;720;-3.69571930824782e-05
367;730;-5.3030303030303e-05
367;739;-4.22517861542252e-05
367;744;-4.14299242424242e-05
367;842;-6.0429880197322e-05
367;955;-4.81060606060607e-05
368;368;1.0
368;543;-1e-05
369;123;-0.00181916983795653
369;369;1.0
369;644;-0.00222385762236662
369;861;-0.00159953640584049
370;370;1.0
370;893;-0.0006834
371;371;1.0
372;3;-2000.0
372;302;-3000.0
372;372;1.0
372;443;-500.0
372;593;-454.0
372;930;-1180.0
373;140;-2.244e-10
373;373;1.0
374;374;1.0
375;79;-4.399393000000001e-09
375;173;-5.213004484304932e-06
375;375;1.0
375;721;-5.308219178082192e-06
375;904;-4.399393000000001e-09
375;962;-1.176e-06
376;376;1.0
376;961;-0.43
377;377;1.0
377;591;-0.21153054221002057
378;378;1.0
378;945;-0.02
379;274;-2e-08
379;379;1.0
379;816;-2e-08
379;870;-2e-08
380;380;1.0
380;754;-0.2291159242933691
381;381;1.0
382;37;-1.6931e-07
382;38;-1.6931e-07
382;104;-1.6931e-07
382;210;-1.6931e-07
382;250;-1.6931e-07
382;294;-1.6931e-07
382;305;-1.6931e-07
382;330;-1.6931e-07
382;358;-1.6931e-07
382;382;1.0
382;530;-1.6931e-07
382;624;-1.6931e-07
382;740;-1.6931e-07
382;764;-1.6931e-07
382;795;-1.6931e-07
382;898;-1.6931e-07
382;950;-1.6931e-07
382;971;-1.6931e-07
382;985;-1.6931e-07
383;383;1.0
384;384;1.0
385;385;1.0
385;389;-0.42432000000000003
386;131;-1.82
386;237;-1.71
386;386;1.0
386;455;-1.671
386;459;-6.779
386;807;-0.6567785234899329
386;891;-1.4838
386;980;-1.867
387;387;1.0
387;768;-3.43396556480316e-10
388;388;1.0
389;38;-1.02
389;389;1.0
390;58;-3.095e-06
390;232;-3.095e-06
390;270;-3.095e-06
390;275;-3.095e-06
390;303;-3.095e-06
390;390;1.0
390;409;-3.095e-06
390;818;-3.095e-06
390;876;-0.31
390;917;-3.095e-06
391;123;-0.0297397474507605
391;391;1.0
391;644;-0.0175140914957901
391;861;-0.00220627118232632
391;921;-0.00143931567462651
392;123;-0.00341453874489795
392;392;1.0
392;644;-0.00107306247513933
392;861;-0.000943475243847957
393;393;1.0
393;410;-0.3
394;394;1.0
395;298;-14.71034758290052
395;395;1.0
396;41;-5.27731419094019e-05
396;344;-0.000109943887432243
396;380;-2.43181818181818e-05
396;396;1.0
396;720;-7.62709624873786e-05
396;730;-5.3602293810086e-05
396;739;-3.30560034939193e-05
396;744;-3.11612215909091e-05
396;842;-5.24212185277724e-05
396;955;-9.83474254816581e-05
397;397;1.0
397;407;-1.1106666666666667
397;857;-0.08621848739495798
398;398;1.0
399;399;1.0
400;41;-1.81133333333333
400;65;0.001866745325280486
400;82;-1.82
400;115;-1.91
400;123;-2.17015471250728
400;173;-4.021359605205234
400;273;-2.85
400;293;-1.91
400;344;-1.81133333333333
400;380;-1.81133333333333
400;400;1.0
400;445;-2.85
400;644;-0.00123045025896688
400;652;-2.85
400;720;-1.81133333333333
400;730;-1.81133333333333
400;739;-1.81133333333333
400;744;-1.81133333333333
400;793;-1.0
400;842;-1.81133333333333
400;853;-1.91
400;855;-2.85
400;861;-1.66954911493118
400;893;-1.91
400;915;-1.91
400;921;-1.45648391278383
400;939;-5.3592
400;955;-1.81133333333333
400;990;-0.06
401;401;1.0
401;755;-1.01
402;402;1.0
403;68;-0.0027881040892193307
403;403;1.0
404;404;1.0
405;229;-0.55
405;405;1.0
405;745;-0.34
406;406;1.0
407;336;-0.07352941176470588
407;407;1.0
408;123;-0.0169685444277564
408;380;-0.0159208680049927
408;408;1.0
408;744;-0.0136265611646145
408;861;-0.0130455974552433
409;409;1.0
409;726;-120.0
410;94;-1.69e-08
410;410;1.0
411;257;-1.0
411;382;-499.0
411;411;1.0
411;625;-0.91
411;727;-0.25
411;816;-0.12
412;58;-4.439399999999999e-06
412;232;-4.439399999999999e-06
412;270;-4.439399999999999e-06
412;275;-4.439399999999999e-06
412;303;-4.439399999999999e-06
412;409;-4.439399999999999e-06
412;412;1.0
412;459;-0.000838300131434256
412;818;-4.439399999999999e-06
412;876;-0.11
412;917;-4.439399999999999e-06
413;302;-97.5
413;413;1.0
414;210;-1.02
414;414;1.0
415;410;-0.00042
415;415;1.0
416;97;-0.031
416;416;1.0
417;131;-0.25
417;417;1.0
417;810;-8.333333333333334
417;968;-4760.0
417;980;-0.164
418;418;1.0
418;731;-1.0
419;419;1.0
419;530;-1.02
420;420;1.0
420;460;-0.032
421;410;-0.06
421;421;1.0
422;422;1.0
422;494;-125.0
423;423;1.0
423;731;-1.0
424;424;1.0
425;425;1.0
425;644;-0.00450030354052496
426;270;-4.765098213822029e-08
426;275;-5.1130014178929046e-08
426;409;-4.6723903241196954e-08
426;426;1.0
426;917;-5.285741490950388e-08
427;427;1.0
428;71;-0.94
428;428;1.0
429;19;-0.07230769230769231
429;429;1.0
430;36;-1.0
430;208;-1.0
430;249;-45.0
430;357;-440.0
430;382;-1180.0
430;430;1.0
430;434;-1.0
430;455;-0.00978
430;459;-0.0004132465436647745
430;468;-0.155
430;495;-1.0
430;599;-1.0
430;697;-0.1705
430;727;-0.086
430;816;-0.041
430;891;-0.021846
430;962;-0.01
430;965;-0.15
431;158;-1.032
431;431;1.0
432;380;-0.0921115040565842
432;432;1.0
432;744;-0.0788376012914659
433;115;-0.0078658
433;230;-9e-05
433;293;-0.007187752000000001
433;433;1.0
433;445;-0.005022
433;459;-0.000838300131434256
433;501;-8.8e-05
433;704;-8.8e-05
433;893;-0.071221
433;915;-0.0002412
433;938;-1.25
434;434;1.0
434;533;-0.8574855942376951
435;435;1.0
435;461;-0.9949658396260337
436;302;-52.5
436;436;1.0
436;443;-120.0
437;65;-0.001467486536042478
437;270;-5.003206004680376e-07
437;275;-5.368493627631341e-07
437;409;-4.905865582798929e-07
437;437;1.0
437;917;-5.549865371085275e-07
437;962;-0.0005529
438;41;-0.000424970794188218
438;344;-0.000162619068051146
438;380;-0.000283440815477429
438;438;1.0
438;720;-0.000125044870982727
438;730;-0.000573979591836735
438;739;-0.000436985126321071
438;744;-0.000242595039883515
438;842;-0.000514151055675894
438;955;-0.000181565583980071
439;140;-3.3127e-12
439;439;1.0
440;440;1.0
440;652;-0.013764
440;855;-0.004259400000000001
441;123;-0.000653640049533347
441;410;-3.0
441;441;1.0
441;861;-0.000508148594987174
442;442;1.0
443;443;1.0
443;502;-1.09529e-07
444;444;1.0
445;445;1.0
445;573;-1.00057
446;143;0.7014028056112225
446;414;-0.007398
446;419;-0.012439
446;446;1.0
446;834;-0.007398
446;885;-0.012439
446;938;0.05
447;410;158.0
447;447;1.0
448;448;1.0
449;449;1.0
449;731;-1.0
450;97;-0.000482
450;271;-0.0144
450;450;1.0
451;451;1.0
451;862;-0.030000000004922697
452;103;-0.03952941176470588
452;452;1.0
453;453;1.0
454;418;-274.0
454;454;1.0
454;455;-0.01956
455;338;-4000.0
455;455;1.0
456;123;-0.000636956851758024
456;456;1.0
456;861;-0.000491868099645106
457;457;1.0
457;793;-7.439999999999999e-05
458;458;1.0
458;985;-1.02
459;459;1.0
460;325;-0.87
460;460;1.0
461;461;1.0
461;979;-1.0
462;462;1.0
462;821;-1.0
463;459;-0.00808
463;463;1.0
464;464;1.0
464;689;-0.048
465;465;1.0
466;466;1.0
467;467;1.0
468;468;1.0
469;410;-0.0012
469;469;1.0
470;470;1.0
470;702;-0.0185
471;455;-0.002380952380952381
471;471;1.0
472;115;-0.0031463199999999998
472;293;-0.00435006
472;472;1.0
472;893;-0.00620688
473;473;1.0
474;474;1.0
475;475;1.0
476;410;-270.0
476;476;1.0
477;58;-0.0031700997968056904
477;123;-0.0664765144770114
477;232;-0.0031701087855211204
477;270;-0.0031697992470360987
477;271;-0.25
477;275;-0.003169846575676102
477;303;-0.0031700997968056904
477;409;-0.003169483398301565
477;477;1.0
477;644;-0.140190631497949
477;818;-0.0031701087855211204
477;861;-0.127348569325936
477;917;-0.003169787726114825
477;921;-0.0302728319937203
478;26;0.000168
478;213;0.000168
478;332;0.000168
478;478;1.0
478;573;0.000168
478;595;0.000168
478;640;0.000168
478;761;0.000168
478;873;0.000168
478;906;0.000168
478;912;0.000168
478;944;0.000168
479;479;1.0
480;480;1.0
480;785;-1.0
481;481;1.0
481;765;-1.252
482;41;-0.0594959111863507
482;123;-0.0398738380574056
482;344;-0.0130095254440916
482;380;-0.0368473060120659
482;482;1.0
482;720;-0.00750269225896363
482;730;-0.0688775510204082
482;739;-0.0611779176849499
482;744;-0.0315373551848569
482;842;-0.0514151055675896
482;861;-0.0306678091550663
482;955;-0.0145252467184057
483;389;-6.7272
483;483;1.0
484;484;1.0
484;696;14400000.0
484;968;9520.0
485;459;-0.452
485;485;1.0
485;891;-0.0001575
486;486;1.0
486;882;-0.875
487;459;-0.0031626010994753127
487;487;1.0
488;488;1.0
488;529;0.11
489;489;1.0
489;591;-0.051338366506520246
490;490;1.0
491;123;-9.15427765394306
491;491;1.0
491;644;-1.19921183562428
491;861;-0.494586990580956
491;921;-0.659156389588604
492;123;-0.028379845541182
492;492;1.0
492;644;-0.00560663811036754
492;861;-0.00695589502098617
492;921;-0.0223117148423697
493;260;-1.0
493;493;1.0
494;494;1.0
494;502;-1.09529e-07
495;495;1.0
495;899;-0.38
496;496;1.0
496;793;-9.892033725970944e-10
497;410;237.0
497;497;1.0
498;34;-1.0
498;125;-1.0
498;498;1.0
498;588;-1.0
499;123;-0.00208537497153399
499;499;1.0
499;644;-0.00401712780773739
499;861;-0.00148667187644345
499;921;-0.00211304387603073
500;173;-0.0008244843049327353
500;270;-1.3103850334357402e-07
500;275;-1.4060571751717557e-07
500;409;-1.2848906940336756e-07
500;500;1.0
500;721;-0.0008395433789954337
500;917;-1.453560079886822e-07
500;962;-0.00856
501;273;-37.9254
501;501;1.0
502;502;1.0
502;793;-1.0
503;71;-0.04
503;214;-0.04
503;221;-0.04
503;325;-0.08
503;503;1.0
503;521;-0.08978289731319902
504;410;-20.0
504;504;1.0
505;505;1.0
506;123;-0.0252954512587566
506;506;1.0
506;644;-0.0157097043766782
506;861;-0.0201241134900112
507;65;-0.002749279911637121
507;270;-4.7650982138220293e-07
507;275;-5.113001417892905e-07
507;409;-4.6723903241196954e-07
507;507;1.0
507;917;-5.285741490950388e-07
507;962;-0.00727
508;508;1.0
509;19;-0.18923076923076923
509;509;1.0
510;510;1.0
510;556;-50.0
510;568;-70.0
510;821;-8.25
511;511;1.0
512;68;-0.004139405204460967
512;403;-0.005396530359355638
512;481;-5.281948881789138
512;512;1.0
512;765;-2.348
513;67;-0.0142
513;513;1.0
514;39;-24.73995957687934
514;131;-0.25
514;140;-7.95e-14
514;283;-0.25
514;382;-2940.0
514;514;1.0
514;962;-0.45
515;260;-1.0
515;515;1.0
516;157;-0.55
516;428;-0.55
516;516;1.0
517;517;1.0
518;131;-0.001
518;518;1.0
518;644;-0.00145604107339675
518;696;-1120000.0
518;779;-0.024390243902439025
518;927;-0.01874
518;962;-0.0158
519;410;-0.003
519;519;1.0
520;520;1.0
521;521;1.0
521;533;-0.8574855942376951
522;522;1.0
522;644;-0.00359023198022541
523;173;-2.20868750418312
523;523;1.0
524;524;1.0
524;938;-0.09
525;525;1.0
525;644;-0.00613545487197076
526;58;-0.07489031753632377
526;65;-0.02239020829548098
526;123;-0.0433926653724011
526;275;-0.07435244822059708
526;395;-0.001629106706489275
526;409;-0.02175382227891314
526;526;1.0
526;644;-0.0253682826353956
526;684;-0.7020408163265306
526;818;-0.004903199101220616
526;861;-0.0371539117246167
526;921;-0.00261228258157648
526;962;-2.456
527;527;1.0
527;768;-0.000238
528;528;1.0
528;644;-0.00343168427560932
529;229;-0.57
529;529;1.0
529;745;-0.34
530;530;1.0
531;531;1.0
532;532;1.0
532;822;-0.87
533;533;1.0
534;534;1.0
534;696;828000000.0
535;88;-0.35
535;151;-0.51
535;209;-1.0
535;274;-0.0088
535;299;-0.3
535;378;-1.0
535;407;-1.006
535;464;-0.042
535;535;1.0
535;583;-0.47
535;615;-1.0
535;625;-0.091
535;641;-1.0
535;727;-0.17
535;816;-0.14
535;854;-1.0
535;870;-0.029
535;965;-0.031
535;969;-1.0
536;26;6.89e-07
536;56;-0.007398
536;213;6.89e-07
536;332;6.89e-07
536;458;-0.012439
536;536;1.0
536;573;6.89e-07
536;595;6.89e-07
536;640;6.89e-07
536;694;-0.007398
536;761;6.89e-07
536;827;-0.012439
536;873;6.89e-07
536;906;6.89e-07
536;912;6.89e-07
536;944;6.89e-07
537;537;1.0
538;538;1.0
538;920;4.0
539;539;1.0
540;40;-42840.0
540;346;-0.225
540;540;1.0
541;541;1.0
542;542;1.0
542;962;-4.58e-06
543;543;1.0
543;853;-35.1616
543;881;-1.8388
544;162;-4.227972264501945e-09
544;181;-4.22e-06
544;544;1.0
545;545;1.0
546;546;1.0
547;547;1.0
548;548;1.0
549;549;1.0
550;270;-4.765098213822029e-08
550;275;-5.1130014178929046e-08
550;409;-4.6723903241196954e-08
550;550;1.0
550;917;-5.285741490950388e-08
551;410;-60.0
551;459;-0.01257
551;468;-0.07537
551;551;1.0
551;697;-0.03038
552;39;-77.31237367774793
552;151;-0.38
552;429;-0.5
552;455;-0.0307
552;459;-0.016385204793981104
552;489;-0.5
552;552;1.0
552;583;-0.32
552;615;-1.0
552;854;-1.0
552;891;-0.18544
553;553;1.0
553;930;-3.54
554;554;1.0
554;893;-0.00070484
555;555;1.0
556;502;-1.09529e-07
556;556;1.0
557;410;-0.9
557;557;1.0
558;256;-0.106
558;377;-0.106
558;558;1.0
558;560;-0.12
558;578;-0.106
559;559;1.0
560;117;-0.16
560;560;1.0
560;961;-0.16
561;561;1.0
561;600;-0.0005
562;562;1.0
563;123;-1.743917384236
563;563;1.0
563;644;-0.301456783371483
563;861;-0.112905866438183
563;921;-0.165919659339047
564;459;-0.000549496911943245
564;564;1.0
564;652;-0.0037200000000000006
564;855;-0.0036084000000000003
565;39;-46.38742420664875
565;565;1.0
565;638;-0.05314009661835748
566;566;1.0
567;58;-1.39e-07
567;232;-1.39e-07
567;270;-1.39e-07
567;275;-1.39e-07
567;303;-1.39e-07
567;409;-1.39e-07
567;567;1.0
567;818;-1.39e-07
567;917;-1.39e-07
568;18;-7.533333333333333
568;568;1.0
568;752;-4.3
569;569;1.0
570;570;1.0
571;39;-34.01744441820909
571;171;-0.9
571;382;-5210.0
571;418;-7752.0
571;568;-400.0
571;571;1.0
571;616;-300.0
571;670;-0.11388172043010752
571;696;-7200000.0
571;821;-73.0
571;857;-0.08941176470588236
571;901;-0.875
572;378;-0.3
572;572;1.0
573;573;1.0
574;127;-1.0
574;574;1.0
575;544;-5120.0
575;575;1.0
576;576;1.0
577;123;-0.0313423950043424
577;577;1.0
577;644;-0.00464118788063056
577;861;-0.00166496471282742
577;921;-0.00221903317708495
578;533;-0.8574855942376951
578;578;1.0
579;579;1.0
580;580;1.0
580;644;-0.00196238011012133
581;40;-10.0
581;382;-87.5
581;581;1.0
582;58;-2.603e-06
582;232;-2.603e-06
582;270;-2.603e-06
582;275;-2.603e-06
582;303;-2.603e-06
582;409;-2.603e-06
582;582;1.0
582;818;-2.603e-06
582;917;-2.603e-06
583;583;1.0
583;899;-0.4
584;346;-0.00328
584;584;1.0
585;585;1.0
585;644;-0.00607286630499613
586;586;1.0
586;644;-0.00394469475403785
587;470;-0.27397
587;574;-600.0
587;587;1.0
588;533;-0.8574855942376951
588;588;1.0
589;589;1.0
589;921;-0.00262508454019263
590;590;1.0
590;930;-1418.0
591;591;1.0
592;592;1.0
593;502;-1.09529e-07
593;593;1.0
594;594;1.0
595;595;1.0
596;596;1.0
597;123;-0.367488613088296
597;597;1.0
597;644;-0.0481944969103818
597;861;-0.0198673545538969
597;921;-0.0264742623426067
598;123;-0.0413870560807596
598;598;1.0
598;644;-0.0069496099735872
598;861;-0.00284985039732383
598;921;-0.0035338724592215
599;599;1.0
599;746;-0.57
600;293;-31.116800000000005
600;600;1.0
601;123;-0.016295430427857
601;601;1.0
601;644;-0.00281709975384097
601;861;-0.00375831909354023
601;921;-0.00127678507655295
602;115;-0.15276
602;158;-0.02417
602;273;-0.15252000000000002
602;293;-0.16302000000000003
602;602;1.0
602;652;-0.15252000000000002
602;853;-0.15276
602;855;-0.15252000000000002
602;893;-0.15276
602;915;-0.09380000000000001
602;953;-0.1504
603;40;-500.0
603;58;0.005164605320643895
603;232;0.0012852843910989183
603;270;0.004903063732112151
603;275;0.01027759469600731
603;303;0.0056041324981717594
603;409;0.00467633856493721
603;603;1.0
603;666;-3.2
603;726;-3.2
603;818;0.0008459492464642289
603;917;0.01084676955722356
604;460;-0.1
604;604;1.0
605;605;1.0
606;606;1.0
607;123;-0.00929022450508016
607;607;1.0
607;644;-0.0486397128289707
607;861;-0.000941710762381379
608;608;1.0
608;870;-0.97
609;609;1.0
610;410;-0.009
610;610;1.0
611;58;-2.33e-07
611;232;-2.33e-07
611;270;-2.33e-07
611;275;-2.33e-07
611;303;-2.33e-07
611;409;-2.33e-07
611;611;1.0
611;818;-2.33e-07
611;917;-2.33e-07
612;612;1.0
613;131;-0.001
613;613;1.0
613;779;-0.024390243902439025
613;927;-0.01874
613;962;-0.0158
614;357;-220.0
614;614;1.0
615;101;-0.21
615;615;1.0
616;225;-8.06180790960452e-06
616;616;1.0
617;410;-9.05
617;617;1.0
618;618;1.0
619;619;1.0
619;983;-1.026
620;620;1.0
620;670;-0.31989247311827956
620;857;-0.249327731092437
620;901;-0.075
621;123;-2.20591069683144
621;380;-2.06971284064905
621;621;1.0
621;644;-0.00155582395722054
621;744;-1.77145295139988
621;861;-1.69592765886261
621;921;-0.00109923138846146
622;158;-3.3e-05
622;445;-0.001410159
622;622;1.0
623;229;-0.57
623;623;1.0
623;745;-1.026
624;624;1.0
625;625;1.0
625;689;-0.0016
626;71;-4e-10
626;157;-4.6e-10
626;173;-5.979073243647235e-10
626;221;-4e-10
626;229;-4e-10
626;428;-4.6e-10
626;460;-4e-10
626;560;-4e-10
626;626;1.0
626;714;-4e-10
626;721;-6.0882800608828e-10
626;745;-4e-10
627;82;-3.6416023188405786
627;97;-4.68
627;117;-100.0
627;123;-0.0137777054589322
627;157;-5.5
627;271;-15.73
627;346;-12.5
627;394;-0.0014
627;428;-5.5
627;460;-1.5
627;627;1.0
627;644;-0.00654774431206111
627;861;-0.0110946937723843
627;961;-100.0
627;990;-3.6416023188405786
628;628;1.0
629;68;-0.001607806691449814
629;143;-0.00015626809173903365
629;149;-0.03597122302158274
629;267;-0.000526924466931695
629;298;-0.07626847782660806
629;318;-0.007211692167161453
629;336;-0.00146
629;403;-0.002579925650557621
629;435;-0.23154848046309698
629;619;-0.001949317738791423
629;629;1.0
629;645;-0.0585
629;684;-0.0927643784786642
629;691;-0.0029154228855721395
629;839;-0.004888278388278388
629;979;-0.15260697590794678
629;983;-0.00078
630;123;-0.00107273937169882
630;410;-6.0
630;630;1.0
630;644;-0.00245437021050929
630;861;-0.000701237095408489
631;631;1.0
631;816;-0.016
632;88;-0.35
632;299;-0.3
632;632;1.0
633;410;-0.0148
633;633;1.0
633;644;-0.00135157812041046
634;494;-818.0
634;634;1.0
635;270;-2.3824359378088958e-09
635;275;-2.5563792772878314e-09
635;409;-2.336084194731578e-09
635;635;1.0
635;917;-2.642745211311632e-09
636;410;5.0
636;636;1.0
637;637;1.0
637;793;-0.021
638;69;-0.5997029945432004
638;638;1.0
639;639;1.0
640;640;1.0
641;641;1.0
641;945;-0.00096
642;380;-3.43181818181818e-06
642;642;1.0
642;744;-1.19850852272727e-07
643;643;1.0
644;644;1.0
645;171;-7.140000000000001
645;182;-0.05110630110630111
645;336;-0.7444
645;645;1.0
645;670;-0.21368817204301077
645;857;-0.16621848739495798
646;455;-0.0221
646;646;1.0
646;891;-7.87e-05
646;980;-0.00048178506375227693
647;647;1.0
647;945;-0.87
648;648;1.0
648;891;-0.0003412
648;980;-0.0026
649;649;1.0
650;509;-0.9
650;650;1.0
651;651;1.0
652;332;-1.00057
652;652;1.0
653;56;-2.8615461179087874e-07
653;653;1.0
653;694;-2.8615461179087874e-07
654;410;-0.003
654;654;1.0
655;58;-4e-07
655;232;-4e-07
655;270;-4e-07
655;275;-4e-07
655;293;-0.0018914896000000003
655;303;-4e-07
655;409;-4e-07
655;655;1.0
655;818;-4e-07
655;893;-0.02830348
655;917;-4e-07
656;44;-0.0003
656;67;-0.0001
656;140;-0.0001751
656;431;-0.00041
656;543;-0.00015
656;600;-0.0003
656;656;1.0
657;274;-0.0057
657;657;1.0
658;41;-0.000105755772519954
658;344;-2.77037209302326e-06
658;380;-0.000173181818181818
658;658;1.0
658;720;-1.91015892246294e-06
658;730;-0.0001354
658;739;-0.000138851441241685
658;744;-0.000119691051136364
658;842;-0.000168879069767442
658;955;-2.43114285714286e-06
659;40;-3250.0
659;659;1.0
659;891;-0.11471
660;591;-0.13150308853809195
660;660;1.0
661;256;-0.894
661;377;-0.894
661;560;-0.88
661;578;-0.894
661;661;1.0
662;123;-0.306744984291469
662;644;-0.0680328030345779
662;662;1.0
662;861;-0.0259878960887963
662;921;-0.0320925813317704
663;19;-3.0
663;97;-1.3
663;117;-4.0
663;346;-3.47
663;394;-0.0004
663;533;-3.0
663;574;-1000.0
663;591;-4.0
663;663;1.0
663;822;-2.88
663;938;-1.88
663;961;-4.0
664;459;-0.004371787579187859
664;664;1.0
664;891;-0.000285
665;665;1.0
665;731;-1.0
666;624;-1.02
666;666;1.0
667;493;-0.0001878908128908129
667;667;1.0
668;668;1.0
669;669;1.0
670;670;1.0
671;41;-4.21714652223489e-05
671;344;-0.000227674418604651
671;380;-1.82727272727273e-05
671;671;1.0
671;720;-0.000156980473204105
671;730;-3.97959183673469e-05
671;739;-2.59423503325943e-05
671;744;-2.49289772727273e-05
671;842;-3.86046511627907e-05
671;955;-0.000199795918367347
672;274;-0.0068
672;459;-0.012259
672;583;-0.078
672;672;1.0
672;816;-0.057
673;132;-0.01
673;673;1.0
674;455;-0.006943
674;674;1.0
675;675;1.0
676;271;-1.8
676;460;-46.0
676;676;1.0
677;123;-0.00571206502210416
677;644;-1.86908896837008
677;677;1.0
677;861;-0.00126028339690803
678;678;1.0
679;225;-0.0001765536723163842
679;679;1.0
680;680;1.0
680;731;-1.0
681;274;-0.0002
681;378;-0.6
681;625;-0.091
681;681;1.0
681;727;-0.17
681;965;-0.031
681;969;-1.0
682;682;1.0
683;683;1.0
684;481;-6.281948881789138
684;684;1.0
684;765;-2.912
685;22;-0.089
685;274;-0.11
685;685;1.0
686;270;-2.859104195934065e-07
686;275;-3.067849423399191e-07
686;409;-2.803478581403125e-07
686;686;1.0
686;917;-3.171495108235658e-07
687;687;1.0
687;768;-0.018660000000000003
688;688;1.0
689;359;-0.59
689;689;1.0
690;380;-2.09318181818182e-05
690;690;1.0
690;744;-7.83025568181818e-06
691;691;1.0
691;839;-0.9203296703296702
692;41;-0.0243791831750914
692;344;-0.0249319616493607
692;380;-0.00396079467443311
692;544;-3310000.0
692;692;1.0
692;720;-0.0126326061858609
692;730;-0.0286855867346939
692;739;-0.0230416430640749
692;744;-0.00339001685553305
692;842;-0.0204268952836162
692;955;-0.0321562040816327
693;177;-0.4285714285714285
693;693;1.0
694;294;-1.02
694;694;1.0
695;556;-2.0
695;695;1.0
696;82;-6.7e-12
696;696;1.0
696;990;-6.7e-12
697;697;1.0
698;443;-13000.0
698;698;1.0
699;699;1.0
700;644;-0.00110104980371555
700;700;1.0
701;701;1.0
701;904;-2.3377536e-08
702;225;-0.5077966101694915
702;330;-1.02
702;486;-0.07
702;702;1.0
702;882;-0.125
703;544;-10.4
703;703;1.0
704;704;1.0
704;855;-37.223436
705;705;1.0
706;65;-0.0005067818123264804
706;706;1.0
707;123;-0.00164387905043985
707;644;-0.00174956535632019
707;707;1.0
707;861;-0.00109245709612085
707;921;-0.00250699919896688
708;410;-0.2
708;708;1.0
709;58;-4.4572893015137695e-12
709;232;-4.457301940013404e-12
709;270;-4.456949461487159e-12
709;275;-4.456933262302334e-12
709;303;-4.4572893015137695e-12
709;389;-6.997199999999999e-10
709;409;-4.4564226201365225e-12
709;709;1.0
709;818;-4.457301940013404e-12
709;917;-4.456933262302334e-12
710;346;-0.00341
710;710;1.0
710;810;-5.008333333333334
711;94;-2.54e-11
711;162;-8.041603247082699e-11
711;711;1.0
711;793;-2.536783358701167e-11
712;40;-100.0
712;712;1.0
713;40;-9000.0
713;283;-0.7188
713;638;-0.3381642512077294
713;696;-7200000.0
713;713;1.0
713;891;-0.43978894899544746
713;927;-0.8439
714;714;1.0
714;746;-0.43
715;715;1.0
716;716;1.0
717;460;-1.0
717;717;1.0
718;171;-0.9
718;718;1.0
719;26;-0.000689
719;213;-0.000689
719;332;-0.000689
719;459;-0.28
719;573;-0.000689
719;595;-0.000689
719;640;-0.000689
719;691;-0.17542288557213934
719;719;1.0
719;761;-0.000689
719;807;-5.646979865771812
719;839;-0.4495421245421245
719;873;-0.000689
719;891;-0.01984
719;906;-0.000689
719;912;-0.000689
719;938;-55.0
719;944;-0.000689
719;980;-20.491803278688526
720;331;-0.549462006361713
720;720;1.0
720;832;-0.398867046764798
721;232;-0.028272026488489338
721;270;-0.027806439371933896
721;303;-0.028271763757474467
721;721;1.0
721;917;-0.028370194898215767
722;32;-1.0
722;34;-1.0
722;88;-0.65
722;99;-1.0
722;125;-1.0
722;171;-0.6
722;299;-0.7
722;583;-0.5
722;588;-1.0
722;647;-1.0
722;670;-0.3838709677419355
722;722;1.0
723;123;-0.00290175254453052
723;644;-0.0011229332118067
723;723;1.0
723;861;-0.00237737514445909
724;724;1.0
724;962;-0.000223
725;267;-0.0006234188651969644
725;395;-0.0002074395872929677
725;684;-0.00047402597402597407
725;725;1.0
726;305;-1.02
726;726;1.0
727;689;-0.034
727;727;1.0
728;65;-0.0001460356150528021
728;728;1.0
729;729;1.0
730;730;1.0
730;832;-0.0419179695172896
730;884;-0.152942247836367
731;731;1.0
732;732;1.0
732;855;-0.007440000000000001
733;380;-2.93181818181818e-06
733;733;1.0
733;744;-7.28693181818179e-07
734;123;-0.000633125880536691
734;734;1.0
734;861;-0.000488942602068148
735;455;-1.2418464626191672e-06
735;735;1.0
736;529;0.11
736;736;1.0
737;737;1.0
738;123;-2.25563122946371e-05
738;738;1.0
738;861;-0.00112113676833538
738;938;-1.37
739;739;1.0
739;832;-0.137466326529417
739;884;-0.501560767931407
740;740;1.0
741;741;1.0
742;696;-345000.0
742;742;1.0
743;237;-0.05
743;283;-0.03125
743;509;-0.015
743;638;-0.04830917874396135
743;641;-0.25
743;743;1.0
743;810;-0.4833333333333334
743;816;-0.0036
743;833;-0.1
743;891;-0.00811
743;962;-0.045
743;980;-0.1665
744;744;1.0
744;754;-0.7708840757066309
745;428;-0.95
745;745;1.0
746;117;-0.39
746;746;1.0
746;961;-0.39
747;684;-0.989795918367347
747;747;1.0
748;21;-18.5
748;41;-19.6
748;44;-1.0
748;67;-1.0
748;123;-23.7954065953778
748;158;-1.0
748;173;-55.5
748;344;-20.4
748;380;-20.4
748;401;-1.0
748;431;-1.0
748;467;-1.0
748;501;-1.0
748;543;-1.0
748;600;-1.0
748;644;-0.116199895315208
748;720;-19.6
748;721;-55.5
748;730;-20.4
748;739;-19.6
748;744;-19.6
748;748;1.0
748;755;-1.0
748;842;-20.4
748;861;-18.2632583940266
748;921;-0.0300510967008486
748;953;-1.0
748;955;-20.4
749;19;-10.8
749;117;-14.4
749;533;-10.8
749;591;-14.4
749;749;1.0
749;961;-14.4
750;443;-500.0
750;593;-854.0
750;750;1.0
751;58;-7.35751288389381e-06
751;232;-7.35751288389381e-06
751;270;-7.35751288389381e-06
751;275;-7.35751288389381e-06
751;303;-7.35751288389381e-06
751;409;-7.35751288389381e-06
751;751;1.0
751;818;-7.35751288389381e-06
751;917;-7.35751288389381e-06
751;968;-26700.0
752;752;1.0
753;56;-5.348319914762801e-10
753;414;-5.348319914762801e-10
753;419;-5.348319914762801e-10
753;694;-5.348319914762801e-10
753;753;1.0
753;834;-5.348319914762801e-10
753;885;-5.348319914762801e-10
754;414;-10.2846
754;419;-11.6966
754;754;1.0
754;834;-10.2846
754;885;-11.6966
755;755;1.0
755;893;-51.83924
756;756;1.0
757;757;1.0
758;71;-0.41
758;214;-0.5980556828014455
758;221;-0.41
758;325;-0.28
758;714;-0.94
758;758;1.0
759;759;1.0
760;410;-0.03
760;760;1.0
761;761;1.0
762;123;-0.008993995506775
762;644;-0.00938760867777839
762;762;1.0
762;861;-0.00293737770579627
762;921;-0.00182653273671102
763;140;-0.0003893
763;293;-0.007565844
763;763;1.0
764;764;1.0
765;691;-0.9796019900497513
765;765;1.0
766;346;-0.0062
766;766;1.0
767;271;1.8
767;767;1.0
768;173;-0.011457566427949933
768;721;-0.013959316161692605
768;768;1.0
769;123;-0.0110994524930319
769;644;-0.00154437743655919
769;769;1.0
769;861;-0.00117812433280683
770;544;-26.0
770;770;1.0
771;41;-3.9908779931585e-06
771;344;-3.28541226215645e-05
771;720;-2.21493728620296e-05
771;730;-5.1948051948052e-06
771;739;-4.13895048041389e-06
771;771;1.0
771;842;-5.91966173361523e-06
771;955;-2.88311688311688e-05
772;410;-0.18
772;772;1.0
773;171;-0.9
773;773;1.0
774;774;1.0
775;79;-0.00030042000000000003
775;173;-0.00042869955156950664
775;401;-1.23e-08
775;543;-1e-08
775;721;-0.00043652968036529677
775;775;1.0
775;802;-7e-07
775;893;-0.00013131999999999998
775;904;-0.00030042000000000003
776;41;-0.0192496030108219
776;344;-0.042744786750193
776;720;-0.0328683247814519
776;730;-0.0259991496598639
776;739;-0.0197938077589137
776;776;1.0
776;842;-0.0232891385589489
776;955;-0.0477249209542971
777;22;-0.1
777;101;-0.1
777;115;-0.32964
777;158;-0.0104257
777;230;-0.0035
777;273;-0.15996000000000002
777;293;-0.1716
777;338;-800.0
777;501;-0.0029
777;568;-120.0
777;647;-0.1
777;652;-0.15996000000000002
777;689;-0.1
777;755;-0.0035
777;777;1.0
777;807;-0.1
777;821;-36.05
777;853;-0.1608
777;855;-0.15996000000000002
777;881;-0.0183
777;893;-0.1608
777;915;-0.20099999999999998
777;945;-0.1
777;953;-0.039
778;171;-0.6
778;204;-1.0
778;237;-0.3
778;382;-499.0
778;459;-0.7356
778;568;-50.0
778;670;-0.4593655913978495
778;778;1.0
778;821;-1.0
778;857;-0.05957983193277311
778;891;-0.01304
778;920;-3.0
778;927;-0.1571
778;962;-0.15
779;779;1.0
780;270;-4.765098213822029e-09
780;275;-5.113001417892904e-09
780;409;-4.672390324119695e-09
780;780;1.0
780;917;-5.285741490950388e-09
781;781;1.0
782;389;-0.22848000000000002
782;782;1.0
783;249;-15.0
783;357;-220.0
783;783;1.0
784;644;-7.09651371828812
784;784;1.0
785;260;-0.08450832732082732
785;785;1.0
786;132;-1.1200564971751414
786;786;1.0
786;980;-0.1665
787;787;1.0
788;249;-45.0
788;357;-440.0
788;788;1.0
789;229;-0.88
789;745;-0.88
789;789;1.0
790;459;-0.055656732557929293
790;790;1.0
791;702;-2.969221894193898e-06
791;791;1.0
792;97;-3.33e-07
792;346;-3.33e-07
792;792;1.0
793;225;-2.768361581920904
793;486;-1.57
793;793;1.0
794;79;-1.386149e-05
794;794;1.0
794;904;-1.386149e-05
795;795;1.0
796;796;1.0
797;797;1.0
797;904;-0.041393706
798;173;-0.00018385650224215247
798;721;-0.00018721461187214613
798;798;1.0
799;79;-1.2042e-06
799;395;-0.007428726581591095
799;684;-3.4406307977736557
799;799;1.0
799;904;-1.2042e-06
800;800;1.0
800;938;-0.49
801;123;-0.00259178733538646
801;801;1.0
801;861;-0.00199953466502585
802;230;-1.02459
802;802;1.0
803;410;-0.018
803;803;1.0
804;410;-200.0
804;804;1.0
805;410;-0.3
805;805;1.0
806;459;-0.001268
806;806;1.0
807;807;1.0
808;808;1.0
809;117;-1.9e-08
809;394;-1.9e-08
809;689;-1.9e-08
809;809;1.0
809;961;-1.9e-08
810;702;-8.189734418612424e-06
810;810;1.0
811;271;-0.01
811;811;1.0
812;544;-187.0
812;812;1.0
813;644;-0.00120326516269508
813;813;1.0
814;494;-0.17
814;814;1.0
815;815;1.0
816;22;-0.3
816;816;1.0
817;817;1.0
818;764;-122.4
818;818;1.0
819;819;1.0
820;41;-0.000424970794188218
820;344;-0.000162619068051146
820;380;-0.000283440815477429
820;720;-0.000125044870982727
820;730;-0.000573979591836735
820;739;-0.000436985126321071
820;744;-0.000242595039883515
820;820;1.0
820;842;-0.000514151055675894
820;955;-0.000181565583980071
821;18;-1.0
821;752;-1.0
821;821;1.0
822;521;-0.8080460758187912
822;822;1.0
823;65;-0.1470629095323086
823;123;-0.149805036939872
823;389;-18.024
823;644;-0.176057542418772
823;822;-0.192
823;823;1.0
823;861;-0.0272025151945315
823;921;-0.0131121774826084
824;824;1.0
825;44;-0.0001
825;67;-5e-05
825;431;-9e-05
825;543;-5e-05
825;600;-0.0001
825;825;1.0
826;826;1.0
827;827;1.0
827;898;-1.02
828;173;-6.62606251254936e-05
828;721;-8.325134337394989e-05
828;828;1.0
829;829;1.0
829;930;-9000.0
830;65;-0.0001154458628583063
830;830;1.0
831;470;-1.6438
831;831;1.0
832;56;-10.2846
832;458;-11.6966
832;694;-10.2846
832;827;-11.6966
832;832;1.0
833;359;-0.11
833;833;1.0
834;740;-1.02
834;834;1.0
835;835;1.0
835;893;-0.0051992
836;271;-13.75
836;836;1.0
837;65;-0.0001262453990160267
837;837;1.0
838;838;1.0
838;891;-0.03379
839;2;-1.0758620689655174
839;839;1.0
840;840;1.0
841;56;-7.936385
841;65;-0.001881154643475704
841;115;-0.4288
841;123;-0.878738609280462
841;173;-1.3713596052052344
841;232;-0.004903199101220616
841;270;-0.021570374032723553
841;293;-0.4288
841;303;-0.07403558230941645
841;414;-18.62
841;419;-21.1966
841;458;-21.1966
841;644;-0.00123253836746408
841;652;-1.6368
841;694;-18.62614
841;721;-2.771935886930641
841;827;-1.5237
841;834;-7.9364
841;841;1.0
841;853;-0.4288
841;855;-0.14880000000000002
841;861;-0.168499030742732
841;885;-1.5237
841;917;-0.07429430434913233
841;921;-1.23045321291601
841;939;-3.4083419999999993
842;832;-0.0677621311745659
842;842;1.0
842;884;-0.24723746830691
843;429;-1.0
843;489;-1.0
843;810;-3.217910447761195
843;843;1.0
844;378;-0.1
844;455;-0.019558
844;459;-0.0031626010994753127
844;670;-0.060139784946236556
844;844;1.0
844;857;-0.047058823529411764
844;901;-0.05
845;171;-3.06
845;619;-0.00989278752436647
845;845;1.0
846;810;-3.217910447761195
846;846;1.0
847;65;-0.0005055214295259308
847;847;1.0
848;459;-0.00119
848;848;1.0
849;123;-0.000627953552093237
849;344;-0.00232558139534884
849;380;-0.00227272727272727
849;730;-0.00204081632653061
849;842;-0.00232558139534884
849;849;1.0
849;861;-0.000480746935527555
849;955;-0.00204081632653061
850;455;-0.0002934
850;850;1.0
851;851;1.0
852;852;1.0
852;962;-0.000129
853;853;1.0
853;906;-1.00057
854;117;-0.022
854;533;-0.8574855942376951
854;854;1.0
854;961;-0.022
855;855;1.0
855;944;-1.00057
856;389;-3.9744e-09
856;856;1.0
857;857;1.0
858;459;-0.0020762074567715785
858;816;-0.016
858;858;1.0
859;859;1.0
860;83;-57.0
860;131;-1.0
860;237;-0.6
860;283;-0.25
860;449;-145.0
860;468;-0.3317
860;697;-0.3298
860;779;-1.0
860;860;1.0
860;862;-0.9698499999507729
860;871;-16000.0
860;891;-0.43978894899544746
860;927;-0.8439
860;962;-0.45
860;980;-0.5027
861;861;1.0
862;862;1.0
863;544;-3330.0
863;863;1.0
864;864;1.0
865;865;1.0
866;56;-2.54628e-09
866;58;-2.1219e-11
866;232;-2.1219e-11
866;270;-2.1219e-11
866;275;-2.1219e-11
866;303;-2.1219e-11
866;409;-2.1219e-11
866;414;-2.54628e-09
866;419;-2.54628e-09
866;458;-2.54628e-09
866;694;-2.54628e-09
866;818;-2.1219e-11
866;827;-2.54628e-09
866;834;-2.54628e-09
866;866;1.0
866;885;-2.54628e-09
866;917;-2.1219e-11
867;867;1.0
868;544;5120.0
868;868;1.0
869;270;-2.3824359378088956e-08
869;275;-2.5563792772878316e-08
869;409;-2.336084194731578e-08
869;869;1.0
869;917;-2.642745211311632e-08
870;22;-0.13
870;870;1.0
871;731;-1.0
871;871;1.0
872;822;-0.338
872;872;1.0
873;873;1.0
874;874;1.0
875;644;-0.00132292400172338
875;875;1.0
876;876;1.0
876;968;-6600.0
877;230;-3e-05
877;273;-0.014508
877;460;-0.65
877;501;-3.2e-05
877;704;-3.2e-05
877;877;1.0
878;670;-0.049903225806451616
878;857;-0.0392436974789916
878;878;1.0
879;410;-0.12
879;879;1.0
880;556;-1.0
880;880;1.0
881;881;1.0
882;82;-0.98
882;882;1.0
882;990;-2.26
883;26;-0.0326
883;213;-0.0326
883;331;-0.18
883;332;-0.0326
883;407;-0.22226666666666667
883;410;-81.1
883;544;-315000.0
883;573;-0.0326
883;595;-0.0326
883;640;-0.0326
883;754;-0.24
883;761;-0.0326
883;832;-0.18
883;873;-0.0326
883;883;1.0
883;884;-0.18
883;906;-0.0326
883;912;-0.0326
883;944;-0.0326
884;884;1.0
885;104;-1.02
885;885;1.0
886;21;-0.74892
886;140;-0.0069788
886;273;-0.03516144
886;293;-0.0046750704
886;445;-0.01959882
886;501;-0.0002502
886;543;-0.0006
886;600;-0.00010842
886;853;-0.031589696
886;886;1.0
886;893;-0.02533136
886;915;-0.031589696
887;41;-0.000601933748277381
887;344;-0.000130850081524071
887;380;-0.00142354899105471
887;720;-0.000199086479581064
887;730;-0.000945493197278914
887;739;-0.000756279638111576
887;744;-0.000616480734837933
887;842;-0.00110391326081265
887;887;1.0
887;955;-0.000216421193829645
888;115;-1.11756
888;158;-0.321775
888;230;-0.4402
888;273;-1.11972
888;293;-1.19262
888;359;-4.8
888;394;-4.9
888;501;-0.1892
888;652;-1.11972
888;853;-1.11756
888;855;-1.11972
888;888;1.0
888;893;-1.11756
888;915;-8.819075999999999
889;410;-3.34
889;889;1.0
890;459;-0.0005050234354309246
890;890;1.0
891;891;1.0
892;892;1.0
892;945;-0.023
893;595;-1.00057
893;893;1.0
894;894;1.0
895;382;210000.0
895;895;1.0
896;346;-2.95
896;896;1.0
897;897;1.0
898;898;1.0
899;19;-0.03076923076923077
899;117;-0.0067
899;533;-0.0310984393757503
899;591;-0.03129718599862732
899;899;1.0
899;961;-0.0067
900;833;-0.46
900;900;1.0
901;901;1.0
902;68;-1.6784386617100398e-07
902;403;-2.4225526641883498e-06
902;435;-2.7941389290882783e-05
902;461;-2.2218626393383675e-05
902;468;-0.06307
902;481;-0.0006248402555910543
902;493;-1.878908128908129e-05
902;638;-0.1690821256038647
902;691;-0.000178407960199005
902;697;-0.0571
902;765;-0.007503
902;902;1.0
902;945;-0.048
902;967;-0.00012427939606527398
903;87;-0.1
903;903;1.0
904;904;1.0
905;410;-6.0
905;905;1.0
906;906;1.0
907;644;-0.00481149718886945
907;907;1.0
908;644;-0.00561531807377424
908;908;1.0
909;249;-180.0
909;357;-1320.0
909;459;-0.017635739015048158
909;470;-0.59361
909;574;-1300.0
909;909;1.0
909;930;-1180.0
909;934;-1000.0
910;123;-0.00243015790847698
910;861;-0.00217549792395151
910;910;1.0
911;458;-5.348319914762801e-10
911;827;-5.348319914762801e-10
911;911;1.0
912;912;1.0
913;913;1.0
914;123;-1.25914867784907
914;644;-0.159044205699579
914;861;-0.0614750997712508
914;914;1.0
914;921;-0.0835326700161126
915;873;-1.00057
915;915;1.0
916;916;1.0
917;358;-122.4
917;917;1.0
918;583;-0.025
918;918;1.0
919;919;1.0
920;920;1.0
921;921;1.0
922;515;-0.001905
922;810;-13.33333333333333
922;922;1.0
923;923;1.0
924;270;-2.382435937808895e-12
924;275;-2.556379277287831e-12
924;409;-2.336084194731578e-12
924;917;-2.642745211311632e-12
924;924;1.0
925;925;1.0
926;58;-2.499726818015787e-05
926;232;-2.499726818015787e-05
926;270;-4.264664444251872e-06
926;275;-4.576030623471149e-06
926;303;-2.499726818015787e-05
926;409;-4.181692798511533e-06
926;684;-0.009990723562152134
926;818;-2.499726818015787e-05
926;917;-4.730629419678298e-06
926;926;1.0
926;962;-0.00708
927;927;1.0
928;58;-3e-07
928;232;-3e-07
928;270;-3e-07
928;275;-3e-07
928;303;-3e-07
928;409;-3e-07
928;818;-3e-07
928;917;-3e-07
928;928;1.0
929;929;1.0
930;502;-1.09529e-07
930;930;1.0
931;931;1.0
932;299;-0.7
932;932;1.0
933;3;-2000.0
933;37;-0.25
933;38;-0.25
933;104;-0.25
933;210;-0.25
933;250;-0.25
933;294;-0.25
933;302;-4000.0
933;305;-0.25
933;330;-0.25
933;358;-0.25
933;443;-15000.0
933;530;-0.25
933;624;-0.25
933;740;-0.25
933;764;-0.25
933;795;-0.25
933;802;-0.006857
933;898;-0.25
933;930;-118.0
933;933;1.0
933;950;-0.25
933;971;-0.25
933;985;-0.25
934;127;-1.0
934;934;1.0
935;65;-0.0007857849594006147
935;935;1.0
936;346;-0.00862
936;936;1.0
937;40;-20.0
937;937;1.0
938;214;-0.94
938;938;1.0
939;721;-2.775044779131663
939;939;1.0
940;940;1.0
941;941;1.0
942;942;1.0
943;544;135000.0
943;943;1.0
944;944;1.0
945;394;-0.1
945;945;1.0
946;21;-0.74892
946;44;-0.0001080169
946;79;-0.2098889884
946;94;-0.00948
946;115;-0.031589696
946;140;-0.0069788
946;158;-0.0017653
946;162;-0.03885
946;173;-0.17937219730941703
946;230;-0.00049762
946;271;-0.55
946;273;-0.03516144
946;293;-0.0046750704
946;389;-2.7816
946;431;-0.0008367800000000001
946;445;-0.01959882
946;501;-0.0002502
946;543;-0.0006
946;600;-0.00010842
946;652;-0.03516144
946;704;-0.0002502
946;721;-0.182648401826484
946;768;-0.0344
946;802;-1.875666e-05
946;853;-0.031589696
946;855;-0.03516144
946;881;-0.00117872
946;893;-0.02533136
946;904;-0.2098889884
946;915;-0.031589696
946;946;1.0
947;88;-0.03
947;299;-0.03
947;947;1.0
948;938;-0.46
948;948;1.0
949;32;-1.0
949;88;-1.0
949;99;-1.0
949;103;-0.03952941176470588
949;257;-1.0
949;583;-1.0
949;625;-1.0
949;638;-0.09057971014492752
949;647;-1.0
949;727;-1.0
949;816;-1.0
949;949;1.0
950;950;1.0
951;2;-0.08866995073891626
951;68;-0.3005576208178439
951;267;-0.7441272135887244
951;318;-0.6645352820278604
951;403;-1.5947955390334572
951;435;-0.33046309696092624
951;481;-1.483226837060703
951;951;1.0
951;983;-0.03062
952;229;-1.6
952;745;-1.6
952;952;1.0
953;915;-58.638400000000004
953;953;1.0
954;529;0.0079
954;954;1.0
955;331;-0.216191793747545
955;832;-0.156938571381587
955;955;1.0
956;431;-0.00036
956;956;1.0
957;957;1.0
958;380;-7.63636363636364e-06
958;744;-4.28267045454546e-06
958;958;1.0
959;410;-0.003
959;959;1.0
960;960;1.0
961;961;1.0
962;962;1.0
963;237;-0.05
963;382;-372.0
963;468;-0.3749
963;697;-0.4122
963;891;-0.15315
963;962;-0.45
963;963;1.0
964;964;1.0
965;689;-0.0049
965;965;1.0
966;123;-0.0280487294968274
966;644;-0.677701920929581
966;861;-0.00340080575468063
966;921;-0.00370502184441226
966;966;1.0
967;318;-1.497373829641471
967;967;1.0
968;486;-1.93e-09
968;968;1.0
969;689;-0.028
969;969;1.0
970;204;-5.0
970;927;-0.001756
970;970;1.0
971;971;1.0
972;445;-0.066731592
972;972;1.0
973;973;1.0
974;87;-0.9
974;665;-143.0
974;974;1.0
975;975;1.0
976;556;-1.0
976;976;1.0
977;117;-0.43
977;977;1.0
978;978;1.0
979;149;-1.0
979;979;1.0
980;980;1.0
981;821;-1.0
981;981;1.0
982;982;1.0
983;645;-1.0
983;983;1.0
984;16;-1.0
984;470;-0.18493
984;574;-405.0
984;638;-0.04830917874396135
984;934;-1500.0
984;984;1.0
985;985;1.0
986;40;-130.0
986;986;1.0
987;65;-0.001339655855137307
987;123;-0.00108630715115178
987;861;-0.000744766860839538
987;987;1.0
988;40;-221090.0
988;249;-30.0
988;357;-220.0
988;359;-0.15
988;394;-0.16
988;574;-231.2
988;934;-250.0
988;988;1.0
989;65;-0.2159921594053612
989;644;-0.00299915118010498
989;989;1.0
990;213;-1.00057
990;990;1.0
991;410;-0.6
991;991;1.0
